<?xml version="1.0" encoding="UTF-8"?>
<beans xmlns="http://www.springframework.org/schema/beans" xmlns:xsi="http://www.w3.org/2001/XMLSchema-instance"
    xmlns:context="http://www.springframework.org/schema/context" xmlns:aop="http://www.springframework.org/schema/aop"
    xmlns:tx="http://www.springframework.org/schema/tx" xmlns:sec="http://www.springframework.org/schema/security"
    xsi:schemaLocation="http://www.springframework.org/schema/beans http://www.springframework.org/schema/beans/spring-beans-2.5.xsd
           http://www.springframework.org/schema/context http://www.springframework.org/schema/context/spring-context-2.5.xsd
           http://www.springframework.org/schema/tx http://www.springframework.org/schema/tx/spring-tx-2.0.xsd
           http://www.springframework.org/schema/aop http://www.springframework.org/schema/aop/spring-aop-2.0.xsd
           http://www.springframework.org/schema/security http://www.springframework.org/schema/security/spring-security-2.0.xsd">

    <import resource="classpath:org/opentripplanner/application-context.xml" />

    <context:component-scan base-package="org.opentripplanner.analyst"/>
    <context:component-scan base-package="org.opentripplanner.api"/>
	<context:component-scan base-package="org.opentripplanner.routing.impl"/>

	<bean id="prototypeRoutingRequest" class="org.opentripplanner.routing.core.RoutingRequest">
		<!-- Set default routing parameters here -->
	</bean>

	<bean id="pathService" class="org.opentripplanner.routing.impl.RetryingPathServiceImpl">
        <property name="firstPathTimeout" value="10.0" />
        <property name="multiPathTimeout" value="1.0" />
	</bean>
 
	<!-- Replacement pathService for testing multi-objective search -->
	<!--
	<bean id="pathService" class="org.opentripplanner.routing.impl.MultiObjectivePathServiceImpl">
        <property name="timeouts">
        	<list>
    	    	<value> 2.0 </value>
    	    	<value> 1.0 </value>
    	    	<value> 0.5 </value>
    	    	<value> 0.4 </value>
    	    	<value> 0.3 </value>
	        </list>
       	</property>
        <property name="maxPaths" value="4" />
	</bean>
	-->
 
  <bean id="heuristicFactory" class="org.opentripplanner.routing.impl.DefaultRemainingWeightHeuristicFactoryImpl"/>
  <bean id="sptService" class="org.opentripplanner.routing.algorithm.GenericAStar"/>
  <bean id="jsonpCallbackFilter" class="org.opentripplanner.jsonp.JsonpCallbackFilter" />

</beans>