<?xml version="1.0" encoding="UTF-8"?>

<beans xmlns="http://www.springframework.org/schema/beans"
	xmlns:xsi="http://www.w3.org/2001/XMLSchema-instance" xmlns:security="http://www.springframework.org/schema/security"
	xsi:schemaLocation="http://www.springframework.org/schema/beans
                           http://www.springframework.org/schema/beans/spring-beans-3.0.xsd
                           http://www.springframework.org/schema/security
                           http://www.springframework.org/schema/security/spring-security-3.0.xsd">

	<security:global-method-security
		secured-annotations="enabled" jsr250-annotations="enabled" />

<!-- This is the simple basic auth configuration.   
   <security:http>
        <security:http-basic></security:http-basic>
        <security:intercept-url method="POST" pattern="/**" access="ROLE_USER" />
    </security:http>

	<security:authentication-manager  alias="authenticationManager">
    	<security:authentication-provider>
        	<security:user-service>
	            <security:user name="admin" password="{password}" authorities="ROLE_USER" />
        	</security:user-service>
    	</security:authentication-provider>
	</security:authentication-manager>
	-->

	<security:http entry-point-ref="wsseAuthenticationEntryPoint">
		<security:intercept-url pattern="/ws/patch*"
			access="ROLE_USER" />
		<!--
			security:intercept-url pattern="/ws/patch*"
			access="ROLE_ANONYMOUS"></security:intercept-url
		-->
		<security:custom-filter position="BASIC_AUTH_FILTER"
			ref="wsseAuthenticationFilter" />
	</security:http>

	<bean id="wsseProvider"
		class="org.opentripplanner.web.authentication.WSSEAuthenticationProvider">
		<property name="userDetailsService">
		<bean class="org.opentripplanner.web.authentication.SimpleUserDetailsService">
		<property name="users">
		<list>
		<!-- To add a user, do this:
		<value>admin=theadminpassword</value>
		-->
		</list>
		</property>
		</bean>
		</property>
	</bean>

	<bean id="wsseAuthenticationEntryPoint"
		class="org.opentripplanner.web.authentication.WSSEAuthenticationEntryPoint">
		<property name="realmName" value="OTP API" />
	</bean>

	<bean id="wsseAuthenticationFilter"
		class="org.opentripplanner.web.authentication.WSSEAuthenticationFilter">
		<property name="authenticationManager" ref="authenticationManager" />
		<property name="authenticationEntryPoint" ref="wsseAuthenticationEntryPoint" />
		<property name="realmName" value="OTP API" />
	</bean>

	<security:authentication-manager alias="authenticationManager">
		<security:authentication-provider ref="wsseProvider">
		</security:authentication-provider>
	</security:authentication-manager>
</beans>